{
  "ADD":  { "CU": 1.0, "EU": 0.00008, "CO2": 0.0000222, "$": 0.00001 },
  "SUB":  { "CU": 1.0, "EU": 0.00008, "CO2": 0.0000222, "$": 0.00001 },
  "MUL":  { "CU": 2.0, "EU": 0.00015, "CO2": 0.0000417, "$": 0.00002 },
  "DIV":  { "CU": 5.0, "EU": 0.00035, "CO2": 0.0000972, "$": 0.00005 },
  "MOV":  { "CU": 1.0, "EU": 0.00005, "CO2": 0.0000139, "$": 0.000005 },
  "LDR":  { "CU": 3.0, "EU": 0.00025, "CO2": 0.0000694, "$": 0.00003 },
  "STR":  { "CU": 3.0, "EU": 0.00025, "CO2": 0.0000694, "$": 0.00003 },
  "B":    { "CU": 1.0, "EU": 0.00010, "CO2": 0.0000278, "$": 0.00001 },
  "BL":   { "CU": 2.0, "EU": 0.00020, "CO2": 0.0000556, "$": 0.00002 },
  "CMP":  { "CU": 1.0, "EU": 0.00010, "CO2": 0.0000278, "$": 0.00001 },
  "AND":  { "CU": 1.0, "EU": 0.00009, "CO2": 0.0000250, "$": 0.00001 },
  "ORR":  { "CU": 1.0, "EU": 0.00009, "CO2": 0.0000250, "$": 0.00001 },
  "EOR":  { "CU": 1.0, "EU": 0.00009, "CO2": 0.0000250, "$": 0.00001 },
  "LSL":  { "CU": 1.0, "EU": 0.00009, "CO2": 0.0000250, "$": 0.00001 },
  "LSR":  { "CU": 1.0, "EU": 0.00009, "CO2": 0.0000250, "$": 0.00001 }
}