{
  "_comment": "GPU PTX instruction costs. Baseline (no precision suffix) kept for backward compatibility. Per-precision variants follow NVIDIA A100 SXM4 throughput ratios.",
 
  "ADD.U32":     { "CU": 1.0,  "EU": 0.0001,  "CO2": 0.0000278, "$": 0.00001 },
  "SUB.U32":     { "CU": 1.0,  "EU": 0.0001,  "CO2": 0.0000278, "$": 0.00001 },
  "MUL.LO.U32":  { "CU": 2.0,  "EU": 0.0002,  "CO2": 0.0000556, "$": 0.00002 },
  "DIV.F32":     { "CU": 6.0,  "EU": 0.0005,  "CO2": 0.0001389, "$": 0.00005 },
  "LD.GLOBAL":   { "CU": 3.0,  "EU": 0.0003,  "CO2": 0.0000833, "$": 0.00003 },
  "ST.GLOBAL":   { "CU": 3.0,  "EU": 0.0003,  "CO2": 0.0000833, "$": 0.00003 },
  "BRA":         { "CU": 1.0,  "EU": 0.0001,  "CO2": 0.0000278, "$": 0.00001 },
  "SET.LE.S32":  { "CU": 1.0,  "EU": 0.0001,  "CO2": 0.0000278, "$": 0.00001 },
 
  "ADD.F64":     { "CU": 2.0,  "EU": 0.0002,  "CO2": 0.0000556, "$": 0.00002  },
  "MUL.F64":     { "CU": 4.0,  "EU": 0.0004,  "CO2": 0.000111,  "$": 0.00004  },
  "FMA.F64":     { "CU": 5.0,  "EU": 0.0005,  "CO2": 0.000139,  "$": 0.00005  },
  "DIV.F64":     { "CU": 24.0, "EU": 0.0024,  "CO2": 0.000667,  "$": 0.00024  },
  "SQRT.F64":    { "CU": 20.0, "EU": 0.002,   "CO2": 0.000556,  "$": 0.0002   },
 
  "ADD.F32":     { "CU": 1.0,  "EU": 0.00011, "CO2": 0.0000306, "$": 0.000011 },
  "MUL.F32":     { "CU": 2.0,  "EU": 0.00022, "CO2": 0.0000611, "$": 0.000022 },
  "FMA.F32":     { "CU": 2.5,  "EU": 0.000275,"CO2": 0.0000764, "$": 0.0000275},
  "SQRT.F32":    { "CU": 8.0,  "EU": 0.00088, "CO2": 0.000244,  "$": 0.000088 },
 
  "ADD.F16":     { "CU": 0.25, "EU": 0.000036,"CO2": 0.00001,   "$": 0.0000036},
  "MUL.F16":     { "CU": 0.5,  "EU": 0.000072,"CO2": 0.00002,   "$": 0.0000072},
  "FMA.F16":     { "CU": 0.625,"EU": 0.00009, "CO2": 0.000025,  "$": 0.000009 },
  "HMMA.F16":    { "CU": 0.1,  "EU": 0.00001, "CO2": 0.0000028, "$": 0.000001 },
 
  "ADD.BF16":    { "CU": 0.25, "EU": 0.00004, "CO2": 0.0000111, "$": 0.000004 },
  "MUL.BF16":    { "CU": 0.5,  "EU": 0.00008, "CO2": 0.0000222, "$": 0.000008 },
  "FMA.BF16":    { "CU": 0.625,"EU": 0.0001,  "CO2": 0.0000278, "$": 0.00001  },
 
  "DP4A":        { "CU": 0.25, "EU": 0.00004, "CO2": 0.0000111, "$": 0.000004 },
  "IMAD.S8":     { "CU": 0.125,"EU": 0.00002, "CO2": 0.0000056, "$": 0.000002 },
 
  "LD.GLOBAL.F64": { "CU": 5.0,  "EU": 0.0005,  "CO2": 0.000139,  "$": 0.00005  },
  "LD.GLOBAL.F32": { "CU": 3.0,  "EU": 0.0003,  "CO2": 0.0000833, "$": 0.00003  },
  "LD.GLOBAL.F16": { "CU": 2.0,  "EU": 0.00015, "CO2": 0.0000417, "$": 0.000015 },
  "ST.GLOBAL.F64": { "CU": 5.0,  "EU": 0.0005,  "CO2": 0.000139,  "$": 0.00005  },
  "ST.GLOBAL.F32": { "CU": 3.0,  "EU": 0.0003,  "CO2": 0.0000833, "$": 0.00003  },
  "ST.GLOBAL.F16": { "CU": 2.0,  "EU": 0.00015, "CO2": 0.0000417, "$": 0.000015 }
}