{
  "ADD.U32":     { "CU": 1.0, "EU": 0.0001, "CO2": 0.0000278, "$": 0.00001 },
  "SUB.U32":     { "CU": 1.0, "EU": 0.0001, "CO2": 0.0000278, "$": 0.00001 },
  "MUL.LO.U32":  { "CU": 2.0, "EU": 0.0002, "CO2": 0.0000556, "$": 0.00002 },
  "DIV.F32":     { "CU": 6.0, "EU": 0.0005, "CO2": 0.0001389, "$": 0.00005 },
  "LD.GLOBAL":   { "CU": 3.0, "EU": 0.0003, "CO2": 0.0000833, "$": 0.00003 },
  "ST.GLOBAL":   { "CU": 3.0, "EU": 0.0003, "CO2": 0.0000833, "$": 0.00003 },
  "BRA":         { "CU": 1.0, "EU": 0.0001, "CO2": 0.0000278, "$": 0.00001 },
  "SET.LE.S32":  { "CU": 1.0, "EU": 0.0001, "CO2": 0.0000278, "$": 0.00001 }
}