{
  "ADD":  { "group": "arith",  "CU": 1.0, "EU": 0.0001, "CO2": 0.000027, "$": 0.00001 },
  "MUL":  { "group": "arith",  "CU": 2.0, "EU": 0.0002, "CO2": 0.000054, "$": 0.00002 },
  "DIV":  { "group": "arith",  "CU": 5.0, "EU": 0.0004, "CO2": 0.000108, "$": 0.00005 },
  "SUB":  { "group": "arith",  "CU": 1.0, "EU": 0.0001, "CO2": 0.00005, "$": 0.00001},

  "AND":  { "group": "logic",  "CU": 1.0, "EU": 0.0001, "CO2": 0.000027, "$": 0.00001 },
  "OR":   { "group": "logic",  "CU": 1.0, "EU": 0.0001, "CO2": 0.000027, "$": 0.00001 },
  "XOR":  { "group": "logic",  "CU": 1.0, "EU": 0.0001, "CO2": 0.000027, "$": 0.00001 },

  "MOV":  { "group": "memory", "CU": 1.0, "EU": 0.00008, "CO2": 0.000022, "$": 0.000009 },
  "LOAD": { "group": "memory", "CU": 3.0, "EU": 0.00025, "CO2": 0.000069, "$": 0.00003, "cache_hit": 0.0001, "cache_miss": 0.0005 },
  "STORE":{ "group": "memory", "CU": 3.0, "EU": 0.00025, "CO2": 0.000069, "$": 0.00003, "cache_hit": 0.0001, "cache_miss": 0.0005 },

  "JMP":  { "group": "branch", "CU": 1.0, "EU": 0.00012, "CO2": 0.000033, "$": 0.000012 },
  "CALL": { "group": "control","CU": 2.0, "EU": 0.00020, "CO2": 0.000055, "$": 0.00002 },

  "ADDPS":  { "group": "simd", "CU": 2.0, "EU": 0.0003, "CO2": 0.000083, "$": 0.00004 },
  "MULPS":  { "group": "simd", "CU": 2.5, "EU": 0.00035, "CO2": 0.000097, "$": 0.00005 },
  "VMULPS": { "group": "simd", "CU": 3.0, "EU": 0.0004, "CO2": 0.00011, "$": 0.000055 },
  "VPADDQ": { "group": "simd", "CU": 2.5, "EU": 0.00032, "CO2": 0.000088, "$": 0.000045 }
}